x,y,z
-0.007657635663222333,-0.005020152909821509,-0.019048004999249496
-0.005206909091539897,-0.006322956915153562,-0.06536585078265558
0.006502506368956722,-0.0010421735891773653,-0.08259391286468573
0.006984919643982062,0.0012554320251092453,-0.06449604296343779
0.019415353101124112,0.006550584367625592,-0.07459535401599258
0.02137690894921556,0.005332249493907793,-0.06622422000048485
0.030162332353132572,0.009665722741017888,-0.07725567165010674
0.03265340734241464,0.006103843992429451,-0.07223416112352989
0.037514475216679374,0.009504119547132943,-0.08483945427434852
0.050804798684644645,0.0062169532084788435,-0.07421219253511567
0.07225509847409624,0.0036405326185444072,-0.08769087939270802
0.08731280955487451,-0.002388692509588986,-0.07722627190455986
0.09966820164824299,-0.00347426789730563,-0.0899483698792572
0.10869375149176656,-0.005841197868273218,-0.07717209155996509
0.1260615430522192,-0.008080747649801257,-0.07215569904275992
0.14293740214803582,-0.01954653756098508,-0.07598471963909205
0.17288353690504668,-0.028890308468633462,-0.07449415376645876
0.1900795305105491,-0.030077840598582914,-0.07578563782434633
0.2179728613976727,-0.03238801218940609,-0.08003891570155813
0.22845569021751266,-0.03482637259793766,-0.07069946536490447
0.2603225477146541,-0.03686184426131239,-0.0654725326805318
0.26602668155738757,-0.03520347347582471,-0.07363682257617431
0.28940307799388326,-0.03484684230818831,-0.07949901313498993
0.30011901653883216,-0.035986056645520764,-0.07443553717893622
0.3273459956360473,-0.04210219110731648,-0.08116889993714245
0.33764460086320824,-0.03362690427157435,-0.07787760625339597
0.35393896828129706,-0.026158077882590895,-0.07813115232088486
0.37160292339006146,-0.02511463290790489,-0.08280666973294531
0.4008968431138471,-0.02454386919016337,-0.07899239696467007
0.41391209648449634,-0.01837461539434716,-0.08586392646041671
0.44297862021974016,-0.01590394077376724,-0.08745144484441347
0.4524341687096967,-0.012933422984843037,-0.09011640206681709
0.49799583905136424,-0.014898116646834537,-0.09523783733330611
0.4949783175915312,-0.009407155388957634,-0.09207297695141105
0.5281748345109115,-0.009013122597341184,-0.0951200748448899
0.5310140527246913,-0.005935357040425646,-0.09379470949674887
0.5659491165329978,-0.008365180171810361,-0.09537791124104417
0.5723795661066648,-0.010255327495723743,-0.09385422104845534
0.6071057374114869,-0.017998917752004497,-0.09604096065592121
0.6114474650068341,-0.015333761555332944,-0.09800419422200646
0.6374342586248339,-0.019542768319072083,-0.10011684628213187
0.6520179758200089,-0.018410519286065935,-0.10240652458112402
0.6886276047363187,-0.025653531391935682,-0.10110917375706314
0.6963471665897555,-0.022354435822733484,-0.10124287060244623
0.7174873180208213,-0.023393074558170645,-0.10501111705103164
0.7334363011112955,-0.024474414068522535,-0.1024714034416375
0.7675509418246725,-0.038491748637400416,-0.09998754144150873
0.7754763413295017,-0.030156206615730825,-0.10203181239554446
0.7910659733237319,-0.01791502673773637,-0.10413712091190526
0.8092348397102295,-0.025452093230353013,-0.10593650604039105
0.8422440521249408,-0.028997163511872565,-0.10634239798487095
0.8555248334744855,-0.03042490469410339,-0.11239577175059869
0.8837245024773887,-0.030855374535355994,-0.11877735313406425
0.8968108821875607,-0.02906942914970679,-0.12124956759677313
0.9261729539751774,-0.02196975135543173,-0.1217173316364793
0.9422893886637029,-0.02456222259931389,-0.12482945475359716
0.9843620128454481,-0.02124607138157304,-0.1293699937156552
0.9898698577416307,-0.020875203600459576,-0.12656566180648973
1.0311668671217475,-0.022979298333525456,-0.13151300087112464
1.0341239374536702,-0.01942165019337328,-0.13022620027789888
1.0720941674175943,-0.023541850559388917,-0.1300568110688574
1.0783458327422522,-0.018944400689690083,-0.130364314589802
1.1119650183647316,-0.021384716968203328,-0.1311240188168395
1.1207370269938584,-0.019934722296467505,-0.13407200887600676
1.1546259046871108,-0.019195935473219992,-0.14328557538108364
1.167043564269413,-0.024001928382817228,-0.14093607913306888
1.2044982202854404,-0.028656846318874184,-0.1429681972613882
1.2200142007790402,-0.030348044003993595,-0.14481684640461687
1.2458092583289118,-0.03122118072959051,-0.1502224668830713
1.2667278174039975,-0.036649756401225114,-0.14682320702731122
1.2997813068778377,-0.042098192124520976,-0.14857526196711973
1.3196905436528399,-0.045957275377223314,-0.1487672361125647
1.354220059077308,-0.047905713665405775,-0.15768614271663534
1.3708287342253966,-0.05075579686287821,-0.15348619811517275
1.4077341248145692,-0.05667079978771552,-0.15661929292117188
1.4207187100870382,-0.05625298948400343,-0.1556821681205933
1.456258737372103,-0.059179833132333014,-0.15948315911501185
1.4685304543714368,-0.05632187785933774,-0.15914222446209092
1.4944706130111989,-0.048094711574803745,-0.15928418388346607
1.5125244656343517,-0.0502138789312847,-0.1633759154877717
1.5402182775623865,-0.05033809044872142,-0.1714230221158613
1.560325278078983,-0.04601134501512133,-0.17526618322511447
1.602494222425554,-0.04127577211049369,-0.19360978847482974
1.6127767882057205,-0.03874353824799216,-0.1811080489172599
1.6554556406405208,-0.03850422850181137,-0.1766285203439358
1.668039044992949,-0.035752314688835246,-0.16938103026463144
1.7001512021213205,-0.030931895526117963,-0.15942117821938337
1.7191211197037448,-0.02783582925317595,-0.1717747306107414
1.7504196331996673,-0.023337957013337518,-0.17750833554099524
1.7595908782608265,-0.024905936533435796,-0.17718214593524775
1.792427019696221,-0.02692394893786168,-0.19201678289007287
1.807033776314768,-0.02070474389803246,-0.18830087707076837
1.840139927200943,-0.02196737988626077,-0.19625968696153592
1.855600883002831,-0.02108477183788277,-0.19649252232594672
1.8923404988072163,-0.027868893445641613,-0.20374598807366218
1.9053917461759455,-0.02550946820310576,-0.20165411446785927
1.9470282481006966,-0.03434184573959994,-0.2022911201845467
1.9671018593699956,-0.03374100031170909,-0.2057767770663165
2.0027233898356243,-0.03871668172839077,-0.21274107481077453
2.0045582826651374,-0.027258065518408217,-0.20144375662666464
2.0321462737144746,-0.02962416572943912,-0.1936163995511988
2.0293493856706313,-0.014237219656220894,-0.20218386112689704
2.062153736162864,-0.00678484573186878,-0.21284862268218385
2.0957503992227915,-0.022768666338064698,-0.21781210161073794
2.148095257937823,-0.028922227081304423,-0.22892472795852642
2.1684571251327736,-0.028209132846030396,-0.22461007028914032
2.216961257980603,-0.03689214277030061,-0.22368733138878094
2.2393535250440233,-0.03340696977277725,-0.22485454589048082
2.275300168866261,-0.02940757121830209,-0.23065881777495334
2.2856185742244293,-0.0243000981555097,-0.24239747643336765
2.3228654393405552,-0.019511359358966075,-0.25864984285453513
2.341371439938898,-0.014182709308009911,-0.25497954906840753
2.3816528607887886,-0.008431532144371492,-0.2479889892748523
2.3854998900889575,-0.006946114838657972,-0.2521889951257201
2.4160438214208826,-0.00630922823028967,-0.2474929946041564
2.4281131219627317,-0.0005024203752581726,-0.2564804429357823
2.4582588224881694,0.0029222583478030065,-0.2613328390678865
2.4743194260597967,0.005253915656418402,-0.26465043080337797
2.5116365289293663,0.00541859432412765,-0.28163919898856715
2.5240250708065783,0.0032710498205750886,-0.2800223895408797
2.5618289887880064,-0.004805292409667146,-0.2787721389535399
2.5802600026221545,-0.004114569970849799,-0.28657364127929874
2.6165009347149137,-0.0087286944562306,-0.29048787192167985
2.6300041168151873,-0.0125228177254623,-0.2833992591079878
2.6626123528839103,-0.016448666311506228,-0.2843387800320112
2.6806755693030664,-0.01581935965170863,-0.291100315707751
2.717061310896718,-0.018941555570903653,-0.2970297879500527
2.732577410345684,-0.016707553254977612,-0.2961243834785378
2.7658135643219497,-0.019238468818058387,-0.29753676685852365
2.785090798421747,-0.025459464616987868,-0.28978617897277686
2.8128950112127376,-0.028444440913133993,-0.30279603730131854
2.8168431932859463,-0.018820245866538785,-0.29628761070139875
2.844656967120189,-0.015183149816623887,-0.3037926676633713
2.8529212011863616,-0.009464936807760279,-0.3001228731123007
2.8745039764636937,-0.0038532207188572264,-0.30622009048470894
2.8924460763931403,-0.0031824907876272434,-0.3108690273389247
2.92105001678676,0.002230270024217424,-0.30190157876978374
2.9426063489413345,0.002066799831769292,-0.3104427505003166
2.982187900743507,0.002513101278437983,-0.3158230944746445
2.998773418951419,0.007358946989596888,-0.32128672336310493
3.029929701181074,0.01882940761162033,-0.3333039543840325
3.043241363109123,0.018260779782340295,-0.3213674959757232
3.0752680752392,0.020312101841978084,-0.3103719803334804
3.0873192542348,0.024082804370800976,-0.31772393958331235
3.107237433556296,0.03322494132106733,-0.3220933743965497
3.1280348579495896,0.029104297430339196,-0.31662103244768375
3.149729720999675,0.035287538295503726,-0.322993630668556
3.170903832584654,0.03249545762982602,-0.32684602461560824
3.2105581082442125,0.032177929056375634,-0.32480716397087367
3.223180601422202,0.026355086980008272,-0.32493645944381044
3.2567619055425987,0.02282906823449971,-0.3395980639398992
3.269431779057501,0.021851029281186502,-0.3372069361292882
3.2924687213979533,0.030984627317232772,-0.34674446714185514
3.31517200686097,0.019493006865408773,-0.34586209439938426
3.3499349402119867,0.010053854843863315,-0.3444933376978345
3.3701958122980478,0.007690247836131355,-0.34169983870354215
3.4139106986824137,-0.0022016026166650116,-0.3445393075513762
3.423785106114764,0.0040548436907433955,-0.3461772941231539
3.461462715352998,0.003027153329902367,-0.34867705473308364
3.4710815489401345,0.0031536470220022905,-0.34386958266784207
3.502199776730396,0.0022831736588942936,-0.34777922721102433
3.515526290584149,0.004439452186907916,-0.3486438631422258
3.542517200065516,0.01160506248517691,-0.35273581834233864
3.55937013597321,0.007276572815215153,-0.35232697032313276
3.5911752679209528,0.006565767211660841,-0.3537435373429748
3.610252841738361,0.0081533239626985,-0.35917614578848817
3.6549892862204114,0.00236095913976187,-0.36697596910506247
3.6663464482981856,0.006529870761407326,-0.3661466861107622
3.699957795994165,-0.0006696735746126976,-0.36949957791910926
3.714485138763266,0.01088528241727991,-0.3676003323410186
3.73822538127852,0.024334711719715862,-0.36428281511748767
3.756146626545262,0.018609256200848592,-0.36406491917868017
3.788728381136138,0.019138250074553696,-0.3623844553474551
3.8044610971271506,0.015887701797343126,-0.3656055118222605
3.831411775258744,0.016069866647829525,-0.3690420319944929
3.8529479329244603,0.014963347350864045,-0.36979462314194156
3.879594900792799,0.0139950023013082,-0.3754553088445284
3.90128930600624,0.010339267330336396,-0.37592073060537934
3.9343365598766855,0.003921055958311007,-0.38306411865271617
3.951599862294885,0.0035820382726194835,-0.3852293024633996
3.9864714486187847,-0.004456528692120138,-0.38614719018600746
4.003029262138111,-0.006003135109550413,-0.3886939353550211
4.038283613041115,-0.006818493942678117,-0.3930618857954305
4.04989692833413,-0.011673486401980576,-0.39311604810549605
4.088732809213377,-0.02677653779358768,-0.39558872770581044
4.10202734076236,-0.026019475782926304,-0.3915486828417898
4.1275166189397785,-0.025481348578498778,-0.3890999380107974
4.146097149356731,-0.023592243829290028,-0.3969139757653157
4.169166540644662,-0.013571324260364132,-0.40542765700580197
4.189923634337241,-0.020087905031726278,-0.4053328765542255
4.22664047120046,-0.022447333273870346,-0.4111953437836518
4.2408374953335,-0.02151781537189063,-0.4078265097145607
4.270987624204156,-0.01880677281002506,-0.4157262072260187
4.2925960331019315,-0.01684715713677769,-0.4183000779597539
4.326949980719167,-0.01108047329727931,-0.417574504831426
4.345095089616765,-0.010283166391417867,-0.4150664526712752
4.376825396221736,-0.0008041661694035498,-0.4181442320811326
4.3982199373243045,-0.0027593203720101926,-0.41259029667544317
4.432185556669246,-0.003112361901329445,-0.4098289581421887
4.446689856698519,0.001868563196846106,-0.41368356530583755
4.484058989311704,-0.0032326004544187244,-0.41650872212812684
4.498541453783298,0.004223205520508535,-0.4179987663619336
4.53348548914639,0.0061571261656929695,-0.42029032614175466
4.548912428045449,0.010633922977003553,-0.4198335361855597
4.5783053528962885,0.01920792841250772,-0.42765520795736006
4.596293922897423,0.01327677977784985,-0.4268633899097225
4.630549486059909,0.008555187116956872,-0.43677433711606134
4.651679480025882,0.004115678577138013,-0.431728240311357
4.6871688329788235,0.00880061952040071,-0.438557587675686
4.697858303166742,0.015298849269101578,-0.44707835502678067
4.739413202143375,0.007426593345054802,-0.45428977794122816
4.768659375452282,-0.0017877604039430912,-0.4498279116732489
4.807030436422807,-0.008756065572306487,-0.45505667125784305
4.8266662336029,-0.005272617704977842,-0.45236819850847115
4.862248496214684,-0.005117277396640195,-0.44547068921926325
4.881988688136953,-0.008275846623223577,-0.44535717990990664
4.916105731268146,-0.010509960704852545,-0.4420313778881075
4.933751445369824,-0.007700272842831986,-0.45585472145414324
4.968494341690597,-0.0036767508792888356,-0.4726200940049713
4.982279993704303,0.0020485662408470445,-0.4694777196673232
5.018028379921095,0.006522481738857163,-0.47637620793632107
5.036482835840844,0.006491276224219904,-0.46786963717080565
5.07964929702742,0.007196086123022326,-0.4596804425185716
5.100174909103601,0.00799970969044992,-0.47227282191344455
5.134512805338105,0.012021006824134341,-0.4693470970954462
5.1543681464560995,0.013140544681537558,-0.47211551064800067
5.186916955765507,0.016758101107224564,-0.46950683814843747
5.202013407201071,0.01627825284368926,-0.46750559732750513
5.2437037628175265,0.01888904164574207,-0.47080249071715763
5.256550230950982,0.01957460732004985,-0.47480073147987295
5.288152507099924,0.020476438048977207,-0.4788648376106302
5.30524123067352,0.017599499776967807,-0.4730246099054381
5.343316382692502,0.018412402632383997,-0.4730421927625469
5.363389187364148,0.016110499579249222,-0.4832442796202074
5.406204208152812,0.014624069688990826,-0.49299447374164784
5.426860818235586,0.009611437284252719,-0.49194869430500376
5.465063037512267,0.007965373470159624,-0.4986631932518621
5.4871183156229995,0.005491867809606799,-0.4953663791509957
5.5247934248118975,0.007009946939682915,-0.4996184338251087
5.539991954520699,0.006198494588062138,-0.5019401372659689
5.574969262863453,0.0027798847187534576,-0.5069178219850846
5.592655246819511,0.002257192900881558,-0.5023281140361294
5.630097739245083,0.002317882336265361,-0.5114911589527241
5.6535570888297695,-0.0007919693160593152,-0.5086802721665615
5.689152016143918,-0.0036454073980076557,-0.5123675080116462
5.70224024188129,-0.000499274434542882,-0.5131371499697639
5.739925196580708,0.0008313881156050756,-0.5178571359386928
5.764506875658091,-0.0018552663735615913,-0.5221371420934366
5.806174726754599,-0.0005609154720627053,-0.5285555992840985
5.8264578258282915,0.0019786627578385553,-0.5312272390127281
5.868540715893471,0.002412130811746016,-0.5326364597237473
5.887236580373891,0.003705077262944144,-0.5331594341044733
5.900546832474661,0.007450419645338176,-0.5322201928204763
5.92413528062092,0.006612829731524415,-0.5356120632048393
5.962178274157992,0.0036649533083926264,-0.5371118410259045
5.977972614079835,0.00682228753738679,-0.5316827791691872
6.012686593449736,0.00597292827961495,-0.5326562249751517
6.0379330426112645,0.004244870509390521,-0.5345778834604561
6.086171820724098,-0.0039057341075356042,-0.5396468742323434
6.0976474953308095,-0.0009568426999187803,-0.5386167449835071
6.135298530155257,-0.009719565698659678,-0.5429133918212266
6.154651753953764,-0.009666700051779708,-0.5462586605009985
6.194736007914187,-0.023971392605089972,-0.5492904725022482
6.213036664051916,-0.019376546377632253,-0.5532758055797536
6.250801966113524,-0.02023736893964963,-0.5611214535364483
6.27200024560578,-0.026361362546685942,-0.5588565919452892
6.320044070428371,-0.03596515283510001,-0.5634352163393092
6.337126285832553,-0.03321281080985798,-0.5675420498575627
6.3732244602359955,-0.031696608582136264,-0.5684568871103313
6.3929994475531355,-0.038175423340101794,-0.56391538221296
6.4312984057141085,-0.04463512174453996,-0.5666727914500038
6.448212694852993,-0.04013086596283849,-0.574335201479371
6.482958742438969,-0.03846594479935218,-0.5784082208968564
6.508017626555388,-0.03988039299203531,-0.5759430639613871
6.555587671726003,-0.04588250394950723,-0.5814107523992266
6.571125950064688,-0.03717586726508737,-0.5852719951979305
6.6139385772120605,-0.034800116444728094,-0.5882501733355936
6.627466343436552,-0.0320111753839464,-0.5878027557308593
6.6576346778499165,-0.029970205102652657,-0.5873559175430908
6.683357262055331,-0.02758400271958451,-0.5931277928467584
6.728911460894165,-0.030962195993972187,-0.5951970156795625
6.743425188914919,-0.02660895105226877,-0.5902565829409983
6.778339937171999,-0.026556109619299082,-0.5908958172172181
6.79932435065531,-0.023943459689679775,-0.5913596685956292
6.839950141883966,-0.02363738203907178,-0.5920149366045797
6.855793084516386,-0.02613646161057449,-0.5935662789804977
6.8970549239113295,-0.03443328355067819,-0.6000018428137804
6.913345356198212,-0.0294767529904277,-0.60162999134538
6.956621661551613,-0.03623434803257381,-0.6075305654580792
6.9730985396613026,-0.03296125274503264,-0.6090184029043757
7.004440789249375,-0.02290741292942242,-0.6235288534460145
7.027642947158613,-0.033444186094430936,-0.6167123103344847
7.073558013513832,-0.039275645856444594,-0.6172289516048557
7.089357331997399,-0.03895119086577629,-0.6121225240995813
7.133397877791878,-0.04978277961443571,-0.6121118366173195
7.146131262257164,-0.041608821191279066,-0.6204454295032599
7.181249348646646,-0.04069875045438784,-0.6245470633953191
7.197132681012528,-0.04154829744827169,-0.619688825413615
7.243927657703034,-0.04899602891944123,-0.6202545255245331
7.257048964426639,-0.040305389618884316,-0.6308118399678722
7.293778115278566,-0.0364696130704499,-0.6374438274422662
7.307452631955992,-0.037351051490460196,-0.6379803750517153
7.332496940770196,-0.03511184545511838,-0.6450137235458638
7.357794541357527,-0.035027436384252236,-0.6415790431822777
7.39230503587332,-0.029797757668508673,-0.6417732604880703
7.41472672542307,-0.027565499708778446,-0.6475644101155551
7.456258886974122,-0.023604720727076492,-0.6536932493433921
7.473751361251123,-0.030247829316290584,-0.6427748831765127
7.512512099240472,-0.033083581240612975,-0.6441313529831221
7.529129694634414,-0.024725835990641917,-0.6529088234988395
7.560203639816588,-0.022112698033297885,-0.6600929494528672
7.582672366527861,-0.0252093219041642,-0.6552484252741312
7.622151838069094,-0.026811043254374632,-0.6571121791534414
7.641495274514053,-0.027509548584748942,-0.6603028480961489
7.68028338811488,-0.0275510403510281,-0.6645850892981939
7.693740358045412,-0.025050794405632106,-0.6660009608885865
7.728240225437406,-0.02408854332203755,-0.6738154621755983
7.745676782120315,-0.029203984177080734,-0.6697767367338846
7.779122895550492,-0.031226847489306403,-0.6745253287871988
7.802925165673376,-0.035213097675043485,-0.6728161414714179
7.840664160421095,-0.0370416730356528,-0.6677622504189251
7.85826877553281,-0.03908813973945389,-0.6699764450081663
7.892178601907352,-0.03924543928771933,-0.6795242507935989
7.908114905718876,-0.03719815178915148,-0.682708268478732
7.958023520931244,-0.03530979517802725,-0.6918464019872204
7.967678617412159,-0.03864908500090614,-0.6862733833941174
8.00562656643211,-0.041744785968480864,-0.6949250394075914
8.017517647105974,-0.034114749884120284,-0.698524740852299
8.058080489156934,-0.03359492500309928,-0.7032225219313946
8.074417492126887,-0.031142108221614,-0.6979764328992846
8.114712162241128,-0.02606978583540237,-0.6963634378650767
8.131005432316321,-0.021692394096013663,-0.6997369069994263
8.173227879514094,-0.022929868588474227,-0.6967989976222423
8.187441878964826,-0.01868514591038327,-0.703461814012591
8.221506836629823,-0.014911531121620707,-0.7029454884500469
8.240048564989118,-0.015321427138945952,-0.697647644445303
8.271430284757233,-0.012704026378543593,-0.6947695892413829
8.28879011025834,-0.010611732384300649,-0.6996338771453907
8.325229411154602,-0.012502423401169114,-0.7057441141707896
8.344601693787022,-0.01490729060577119,-0.7054146354695193
8.379248069910245,-0.013201062144706847,-0.7047162616516032
8.393436177389892,-0.009358204818811082,-0.7091617435624481
8.426611114370713,-0.006826110427419026,-0.7215352110562393
8.44482765229306,-0.01128822558661572,-0.7178823868786999
8.475279388628385,-0.018635393163633017,-0.7307240583712741
8.497850875512938,-0.019087522671500906,-0.7289055757728781
8.538745033686466,-0.02672341828249311,-0.731649093735286
8.558926641583193,-0.02882585172531593,-0.7297340428001939
8.601911167015805,-0.030750817692922348,-0.7330494678488803
8.62119971394319,-0.033632761871354465,-0.7360111953196472
8.66192812252589,-0.033296237024603444,-0.7389873579463836
8.67745458284452,-0.036904833811576034,-0.7407230983956851
8.71538701287432,-0.037408711576919704,-0.745745642541511
8.738676375109238,-0.04154424350442549,-0.7430828261668435
8.785836958816406,-0.04899252741376275,-0.7470289972308514
8.791843951710486,-0.04445684044291675,-0.7502725079834038
8.827663789702001,-0.03968712592882782,-0.754056383401037
8.84288479177878,-0.03993255316547046,-0.7571970214461443
8.868864799766053,-0.03140665172012601,-0.7615923063949637
8.896894633310263,-0.034822835749055446,-0.7635310928217273
8.93569911623402,-0.035208449247498434,-0.7743157607191218
8.957158893646644,-0.03334862597770689,-0.7679805459064921
9.00516381397389,-0.0360789647872944,-0.7754140765678431
9.016984969076201,-0.029239333890679734,-0.7755108854113395
9.052769342470642,-0.03233976258462511,-0.7743476380536628
9.066964878988104,-0.028326277337359627,-0.7735830048119035
9.112181099716809,-0.037092727971655616,-0.7739966025152437
9.122730145763642,-0.028523139897088393,-0.778053529278065
9.153556588300486,-0.02854047668341491,-0.7815383354400632
9.170634024342558,-0.027593410091353042,-0.7819183325173303
9.210287003706606,-0.031623976684753786,-0.7870687248256134
9.227463371056057,-0.029846401067315346,-0.7872595786095439
9.261631680573949,-0.02401605776060415,-0.7999844849714637
9.283947462761473,-0.031457141066344105,-0.7913978746036336
9.317796031779562,-0.03977676942985859,-0.78410277479084
9.33763531982557,-0.04013871787368729,-0.7861922356332075
9.371618138304022,-0.05021371229536724,-0.7879754378032632
9.394850534497214,-0.04246963714192299,-0.7911703148904875
9.428647577463469,-0.040307366444216,-0.7990235275007446
9.447228419211374,-0.04464753714397098,-0.7950492696308622
9.486869602674128,-0.045480685444778304,-0.7970320322572271
9.50417892666553,-0.04542304398480295,-0.8009420033314621
9.542025488931749,-0.05025441938999267,-0.8042716014769141
9.557953712288535,-0.04781283095896701,-0.8057494466716678
9.599170274983189,-0.04110052427381363,-0.8124826365341388
9.609172072269336,-0.04265266303145375,-0.815141224244932
9.64045574928968,-0.04573348218143476,-0.8253195383744402
9.662443481929476,-0.04074036193241987,-0.8229618211659675
9.705601913571279,-0.038884610703225964,-0.8232204285448333
9.721154982940055,-0.03537750200742988,-0.8208929332100453
9.764985189071405,-0.033457736317716424,-0.8210571166776773
9.77260598348358,-0.03286027860473884,-0.8181901430011516
9.801853456773125,-0.030660428834259353,-0.811364396556658
9.828260753064695,-0.028037354215304296,-0.8191859382019316
9.87107740461626,-0.022815188156317764,-0.8270332209367472
9.88285670528481,-0.02541702995130268,-0.824998272187953
9.906840097023146,-0.01286960809708631,-0.8372994313966516
9.933749021943521,-0.019567746609658022,-0.8327898943164147
9.956484938624007,-0.016694933403082136,-0.8379964423871893
9.991232701773743,-0.021836784002762014,-0.8336894594578278
10.033710455615584,-0.02361457365583858,-0.8376031872156332
10.05099769087432,-0.025283654737052515,-0.8342161350292869
10.096161467562043,-0.025019876204908545,-0.838399026943349
10.120862576199695,-0.019248032717330884,-0.855092157582016
10.159659030303404,-0.014687932713211308,-0.8678348393366725
10.17954514288511,-0.022406662310375643,-0.8418336654058848
10.219086391604218,-0.019708248785528664,-0.8418186480566381
10.23523328438335,-0.019201097797024676,-0.8542406043855251
10.269186377563667,-0.012917041900535605,-0.856541409941386
10.294322893860544,-0.018838825495193515,-0.856785988945935
10.325888755983202,-0.004342311467112363,-0.8612557974561907
10.350754680014703,-0.015923117843605276,-0.8651822267574244
10.401678601228907,-0.02780655635942131,-0.8753190413634425
10.420433900886191,-0.018519875321778668,-0.8778711585194328
10.450655436861322,-0.01226692163861022,-0.8880552670387389
10.465622442074483,-0.009060003438350062,-0.8814150524256723
10.521001576583998,-0.0058746589582949465,-0.8794120930108954
10.542443339496307,-0.009127781036366439,-0.880914331209922
10.574441727633506,-0.008275896575309544,-0.8862317078485331
10.592499198528301,-0.006460129064946064,-0.8916960935166711
10.62461633296266,-0.003356272549901849,-0.8905039611732903
10.649454463114514,-0.002717183045207625,-0.8903283429358362
10.68545525073107,-0.005021624657359944,-0.8911973694686589
10.704191324094708,-0.0017922117922523652,-0.8971080560442228
10.742344976091516,-0.001307273628037516,-0.905913242897771
10.76071177643876,-0.0019494325599104466,-0.9046228013841909
10.803790827664569,-0.007873619623552666,-0.9109671586124802
10.823960650912001,-0.007938222455019184,-0.9107513627657051
10.863351206292377,-0.014993879303344212,-0.914418715305939
10.878781467475447,-0.012651248308521705,-0.9139016548024
10.916990471097913,-0.014656432579037027,-0.9209767608118122
10.929722963847572,-0.01645322432807657,-0.913902988377058
10.962206186969052,-0.009410597809649231,-0.9164035496469166
10.978285955671046,-0.006037836643175059,-0.9184430757888496
11.019489709371385,-0.004014932778222185,-0.9208158178418773
11.045041269902866,-0.008422645107279927,-0.9139181669817305
11.09297763805937,-0.010943273471634428,-0.9141158667989696
11.101176752405424,-0.0026899519658428466,-0.9273917320179433
11.140091322643956,0.0021639053806597726,-0.9312215117399318
11.163575115572224,-0.005031162228617437,-0.9383528841385078
11.203396052510296,0.005478821670615407,-0.9507409235572142
11.2265115004991,0.009859733722720993,-0.9442193478613539
11.261051502863376,0.018084284486699374,-0.9512105119528746
11.28128635337169,0.010191280862899877,-0.9391457411598929
11.307378807675336,0.015075725069639945,-0.942143159574875
11.316232288836906,0.01388549842741131,-0.9425879076126834
11.35449698500742,0.016499328110855048,-0.9459513528172123
11.381514986300738,0.0120806322669215,-0.946650346533328
11.41700747675341,0.012227006456633976,-0.9527392410739035
11.434267322010006,0.010326752092247189,-0.953606687730469
11.472720979699139,0.010168461787819669,-0.9612360527952636
11.487738887451513,0.006367470072418339,-0.9626792796643655
11.534443877330274,0.005180093666886706,-0.974025098102637
11.550706049603743,0.00020966421892295055,-0.9698180610846217
11.590524975022475,-0.004077972669103669,-0.9776431810879131
11.610877051658926,-0.011012347580489116,-0.9721694547999935
11.658749126190573,-0.018844363532814188,-0.9720470893280524
11.678463331631466,-0.020327441884656697,-0.9705408965795427
11.714313726184196,-0.022668628325033396,-0.9744273799576033
11.725235788639642,-0.02785449388501026,-0.9712150505724125
11.763352352489107,-0.02863205915941113,-0.983293203845913
11.777638591765164,-0.0311402520447923,-0.9804795961788546
11.819460409273434,-0.033782827909965306,-0.9926510239003833
11.854148247121085,-0.03067939638647067,-0.990567654325358
11.886848672040799,-0.027683831332580455,-0.9974003267113863
11.900084851827755,-0.02780223227594055,-0.9924085081737011
11.931989816921838,-0.025571128035946827,-0.996022353563403
11.955564444654511,-0.028350982469870195,-1.000553543282186
11.99049282101331,-0.027096182815602835,-1.0084697272915346
12.012351670030958,-0.026595094888279106,-1.0116504057276545
12.054536959337954,-0.026330996753014462,-1.0114569496969086
12.076418440659298,-0.024165287535560305,-1.0129281415044524
12.115449437695641,-0.0243878274194373,-1.0155103177422162
12.135416157722865,-0.02425136797410021,-1.015083153027121
12.177159559014292,-0.026048497986404986,-1.0185981183478352
12.200234896338985,-0.0252629988227417,-1.0194236556170801
12.247407556005545,-0.0296013896453991,-1.0192007201287536
12.260513684818312,-0.02744916862649718,-1.0200042981560036
12.293987834627734,-0.033396457392442465,-1.0225843740644731
12.3148431281652,-0.03304358312069993,-1.0250033700430818
12.357046318475655,-0.03856608547821427,-1.0289352498091526
12.380337680175124,-0.039396635747648324,-1.032899363495323
12.414497166280059,-0.04252945790542999,-1.0376907019026587
12.434592207189901,-0.04302544904641086,-1.0353084394817393
12.476692669172369,-0.04944133686658497,-1.0356595606138292
12.49443989359119,-0.04882401222838033,-1.0382270103421407
12.521230398324434,-0.05657612001208533,-1.0402691372228743
12.55137763395211,-0.05277110034883842,-1.040354265085054
12.59443618067664,-0.06387607680968906,-1.0452864797475288
12.613028128581352,-0.058430384682847544,-1.045423365792484
12.647375874035733,-0.05457636010021485,-1.0494380420721416
12.665072875203219,-0.056729427976583056,-1.049606638336417
12.701251228509802,-0.05791037287828596,-1.0524322949241574
12.722213502679548,-0.054536514150889386,-1.0564062773298488
12.761920517022933,-0.05385734299971522,-1.059204389411166
12.780155585590713,-0.05379302540333759,-1.0601844337255453
12.827321402750792,-0.04954944902007249,-1.0633666669414892
12.84245107562704,-0.0491586101783908,-1.0614690950136259
12.876046744624679,-0.052289495374421596,-1.063041278528705
12.894328579032626,-0.04890383448832119,-1.0630423248923244
12.926725633399617,-0.05285244481817281,-1.0619294159463641
12.949348664301056,-0.04678626584028908,-1.0618260585895216
12.992970565917439,-0.04336410691465579,-1.0676161584031036
13.008038393410333,-0.04654478336158331,-1.0694650719930188
13.057212952002581,-0.05231266375820906,-1.0735946445452282
13.06733123909242,-0.048469504089923836,-1.0757585885770888
13.105212920484604,-0.051597919329100614,-1.0796195316437267
13.124741234402016,-0.051592125435162665,-1.082387046728763
13.15498256184066,-0.05737021136682111,-1.082503971026639
13.18234493115351,-0.05535992690080421,-1.084927254392292
13.214054110396285,-0.059840222959557,-1.084479431956817
13.244294564935885,-0.057864360162211116,-1.0857802339806866
13.281499570820555,-0.06180403864582288,-1.0866633464900388
13.307312727831006,-0.062429414955887025,-1.0864726306727115
13.348563797517553,-0.06904573407043699,-1.090093646116417
13.372135084215193,-0.06343625324887833,-1.0972121796008365
13.413731959784375,-0.06914493320920233,-1.1000799011398146
13.437898644370943,-0.06450596494886546,-1.1035724792179629
13.476390727614538,-0.06504760737032209,-1.1089625579407654
13.498495785588437,-0.06152587270465007,-1.1136663461337022
13.539501510116706,-0.05927659726334592,-1.1179261901372868
13.564346862895604,-0.054526305154283985,-1.1191239579893475
13.602247264364049,-0.052187857623432275,-1.1212869362954645
13.62694531010065,-0.05057351005984958,-1.123599429896479
13.660493901591469,-0.05364805220999969,-1.1224444882930036
13.68633064306836,-0.04638473892943554,-1.1193647574798085
13.732352738352565,-0.04503233187017475,-1.1202899924756078
13.752672966118476,-0.0425993748515072,-1.1204623276962362
13.787652261636119,-0.046800216601323746,-1.1221257473990895
13.806119595529884,-0.043056763478102694,-1.1239126848015162
13.842122170899364,-0.048502558886868656,-1.1258408004237281
13.866066391779986,-0.04494976242270621,-1.129303523509088
13.907211093751142,-0.04590033339861556,-1.1351463513704734
13.923549741326578,-0.044363984592836664,-1.1386818098660998
13.968303817996347,-0.04509720750476855,-1.1415754826328024
13.996063280033958,-0.045192879919142954,-1.142618185325486
14.040255391925088,-0.042405873576904,-1.1433248367745952
14.062491126140799,-0.043045600736882655,-1.1473663181436309
14.107060577156174,-0.04511760344855335,-1.1504134806403523
14.126129321910154,-0.047061850325643764,-1.1457794570344477
14.173130572548025,-0.04921255573389161,-1.1526966925605808
14.189175586246854,-0.04754062310845557,-1.151243528674696
14.22828042163726,-0.04692904969774007,-1.1524781721227721
14.255597592228986,-0.04605008827829234,-1.1562311706273136
14.301531158943426,-0.04484457124126203,-1.160776595268682
14.317292023436448,-0.041245470213613765,-1.1653976360591525
14.365053934862464,-0.03647265039629878,-1.180249574102287
14.383843836051419,-0.03821261953686288,-1.1767296878272904
14.43084556965075,-0.03779573454321558,-1.1842399657850518
14.459609797036164,-0.04428966964956932,-1.1748384502162945
14.506870127908325,-0.04164404570850734,-1.1794635938602573
14.526240798245352,-0.03920839004528949,-1.172664418100912
14.565768035344574,-0.03506900455054133,-1.1738670296922746
14.590050157399837,-0.03579738669461804,-1.1784775837861108
14.630246894704735,-0.03319367829069757,-1.187170138896165
14.650311369594803,-0.03325293635242039,-1.184038357205511
14.696283051112204,-0.02561494970426896,-1.179827635970553
14.71513221901326,-0.03143770708756745,-1.189826239192322
14.759325137787506,-0.035767217682056485,-1.1929196218161926
14.77633067283479,-0.03977097725703202,-1.1988381931866565
14.819176605031624,-0.04262912736374575,-1.2110821196525576
14.841250263094551,-0.046612762671564036,-1.2102493571237949
14.890862891003925,-0.04824299899728734,-1.2159866157706176
14.915162085213474,-0.051906955279462944,-1.2144028042409813
14.965279430401038,-0.05196276858732072,-1.216053044240929
14.989527335167672,-0.0561739497205192,-1.2221431501232574
15.027901536511795,-0.05648674806813769,-1.2295017190303223
15.042940963105528,-0.060450524647106894,-1.2242989871453818
15.086845876288857,-0.05932432856596181,-1.2224331879136896
15.103663151672471,-0.059565984375060006,-1.231767524796954
15.148939820256869,-0.05863874750769432,-1.246947877806482
15.172849181358172,-0.06109368535709668,-1.2447803464248277
15.195985491945121,-0.06362845450526908,-1.2506755336561397
15.21721333703943,-0.05911330420516161,-1.254382295510241
15.263602737619367,-0.05686404399098152,-1.2637665807833929
15.286681217981606,-0.056794613603829376,-1.2618242298814162
15.336276266201322,-0.05832772846883247,-1.2643311686876966
15.353260325637079,-0.053895971969034576,-1.2678067421465513
15.39872148514146,-0.054536292519129,-1.2685703362024123
15.413167614186586,-0.052940837286688566,-1.2676736886109354
15.453620129702152,-0.05478158257774016,-1.2692480633530534
15.47707790448191,-0.05461503285206281,-1.2693636397910264
15.519796032850522,-0.05967995349205789,-1.2785193738012508
15.537091046169223,-0.056901363880325524,-1.2748048358920545
15.58395770765446,-0.061158247652401014,-1.2831216649016066
15.601208514076475,-0.06464387776714718,-1.285852804628406
15.645662302090507,-0.07218840678432051,-1.2920632154171328
15.664993838098251,-0.07200209291953291,-1.2912664360893302
15.705503347915178,-0.08010973855094124,-1.2934871298633952
15.726489350176799,-0.08345445017726887,-1.2934341495268833
15.763781685307954,-0.09528908137222643,-1.2976659443791845
15.792836287546056,-0.09024237159978513,-1.3008865958403208
15.82304130589096,-0.09878424374906118,-1.302049369809546
15.850040736910968,-0.09564128703470519,-1.3015386103200484
15.893563841291797,-0.0981079463473272,-1.3061873669270494
15.915338576814992,-0.09555747296941972,-1.3088701323618652
15.950437715401796,-0.10008262036516483,-1.3148257850276615
15.974487207300555,-0.09589672389475515,-1.3169772253976253
16.01590390028065,-0.09261101586859226,-1.3214328235009887
16.03527371066654,-0.09109372228129477,-1.3227723210012698
16.07578804824166,-0.09031985844799358,-1.3240726616697096
16.096112636812364,-0.08697573995420248,-1.3222160696062089
16.138680112328462,-0.08613892166593366,-1.3211762527197994
16.15864443956497,-0.08286904333048192,-1.3252421459634478
16.19659134436846,-0.07946026758922292,-1.3250558002546768
16.21772374152037,-0.0798345381149583,-1.3220721076278696
16.26313303345787,-0.08094652871354675,-1.3225808492641329
16.279995937780225,-0.07799984467515336,-1.3235216390824094
16.321885624498613,-0.07783348526889496,-1.3295310618909801
16.34062483295825,-0.07766256660991447,-1.3329290695204494
16.37826758050718,-0.07763623809436576,-1.341511439306515
16.40232520621223,-0.07755608006239902,-1.3416540187177153
16.450374044323812,-0.08034947611746181,-1.3463787094440327
16.470496856586664,-0.08036799198397265,-1.3468417086909592
16.514806728516934,-0.08717945620583072,-1.3454357160312647
16.53529410855542,-0.08320107281185456,-1.3465019402030223
16.57873707929667,-0.08502791734695843,-1.341778568895004
16.596093134519627,-0.08626153707218139,-1.348664306782455
16.637114285692252,-0.089622695707641,-1.3532200792996443
16.65748747165804,-0.0880995565078446,-1.3555276070074034
16.69510812829134,-0.09085597242523048,-1.3587553447909768
16.71864833950837,-0.09037888299325954,-1.361355782609037
16.761273203880506,-0.09187367382265506,-1.364197087345246
16.780882952656583,-0.0881748858536603,-1.3686637033578193
16.83052154699822,-0.0908847810843657,-1.3752870155913715
16.84756925374629,-0.08740983393624974,-1.378093928936608
16.89215205836011,-0.08867790031763233,-1.3811902928856319
16.90861891745351,-0.08299839753344698,-1.38092707802371
16.948411680777387,-0.08309462058164302,-1.3795946977939022
16.971081455240203,-0.08105204137557222,-1.3793562662365377
17.015140173615322,-0.08316587182040534,-1.383569235355453
17.033447004866474,-0.0816392682744859,-1.3818725700303278
17.072206813047565,-0.08688844151781083,-1.3769036829079266
17.097127925330987,-0.08524550407308974,-1.3785605202999613
17.1308930505085,-0.09065936377021594,-1.3820695974395678
17.156461492475113,-0.0909063850540931,-1.3873874888288935
17.19817208485231,-0.09847070148633266,-1.3909175719515352
17.220115002408072,-0.09941276942049276,-1.3943687366520034
17.26379400482497,-0.10955179493083474,-1.40236901014778
17.286913931210538,-0.10958647884350822,-1.4017705001048473
17.323357141433466,-0.12139617917697286,-1.3983171798336698
17.348208127650956,-0.11943524441783868,-1.3985733911052205
17.392300543152828,-0.1263165593299595,-1.3954552088313195
17.41159911486488,-0.12787199735708582,-1.394705726337693
17.44019044822918,-0.13511106631109268,-1.3956658535494944
17.467597506300077,-0.1328016483991174,-1.398921361303427
17.508200365647568,-0.13483951650899026,-1.4034857443043345
17.52994747692548,-0.13685694099924328,-1.4074946707615694
17.5661640265754,-0.13737972201630413,-1.4164732135749618
17.58797121211869,-0.13456399333996433,-1.4153436195470175
17.624710674869196,-0.1314157553101516,-1.4301269453190606
17.649664516380398,-0.13312136192380764,-1.430681321781659
17.68969449860602,-0.13054940682770064,-1.4435753128340223
17.709554148855894,-0.1302797484830015,-1.4425082923633938
17.746293099475967,-0.12524269562124243,-1.4432355913661516
17.7629678358601,-0.12716670292812754,-1.4451511820124292
17.797046874028656,-0.12119414781563778,-1.44860848303076
17.812454546592278,-0.12375732011648244,-1.4457943560877158
17.852137098253635,-0.12049507009111272,-1.4490844825846951
17.86268060780499,-0.12089926783792466,-1.447835556596627
17.899161506841274,-0.12059388113706213,-1.4487502441153028
17.91532360125879,-0.11979599641457066,-1.4505651732157043
17.953876917454814,-0.11572482663967318,-1.4495020530907847
17.965868197034794,-0.1164045895627574,-1.4512109021996102
18.00681023520964,-0.11448892168448484,-1.4503684872884575
18.02295069557878,-0.11387403727591208,-1.4558718418707133
18.06454958140826,-0.11081432452231779,-1.453909398754639
18.08468342603143,-0.11841632452882504,-1.4598833939960028
18.121112566512963,-0.11005500561031621,-1.4663108482247522
18.143345471208924,-0.11317316814358049,-1.4653040218756586
18.184145907731857,-0.11067949740462375,-1.4712233014445972
18.197246197162006,-0.10899974730720223,-1.4676035386529518
18.229007878791705,-0.10329214913953152,-1.4726924032882736
18.24108877350007,-0.10768884133385641,-1.4695648438977564
18.279835894862035,-0.10809170105996817,-1.4722295533059624
18.297332880066218,-0.10865393327682772,-1.4754315711504469
18.331059465186176,-0.10258762454679983,-1.4805087453915604
18.345154498951466,-0.1016312502805581,-1.4810404651432307
18.37729139474255,-0.09714216799183886,-1.485447469659988
18.39245792220236,-0.09760351552779359,-1.4858519545483169
18.43041762910438,-0.09293970012950518,-1.4922267249797962
18.453483304632723,-0.09628152731247867,-1.49352655779898
18.485537432479155,-0.09700561190139065,-1.4976517011077457
18.50248589113836,-0.09553784888371436,-1.494094355207068
18.527703099443045,-0.09767807533767876,-1.490156394551051
18.54280121418989,-0.09306509660929195,-1.4944392630117616
18.570521812850675,-0.09632552365992256,-1.4964114074620591
18.582981870626657,-0.08825417678770214,-1.4973821817347408
18.607331456273645,-0.0859089900287291,-1.5019222013025362
18.621500798297642,-0.08241744652289887,-1.501737407086943
18.64288223232439,-0.08364431639203818,-1.5019425885161934
18.654255218314983,-0.08325922849326448,-1.5039182364060264
18.678498471020827,-0.08866960986352752,-1.5083071072149055
18.691696540451964,-0.08718524543333352,-1.5093764590956404
18.71573715437723,-0.09468750438390529,-1.5119224586636597
18.72795246975789,-0.09199264138593337,-1.514157418016677
18.750928998000102,-0.1058395022353727,-1.5141379084545108
18.761201315794114,-0.0982296720035072,-1.5184100656650787
18.784040517038317,-0.10763290102503625,-1.517177133063401
18.793353274892375,-0.10096091337208674,-1.5207308737276846
18.80359725946268,-0.09188484482291527,-1.5194046305616282
18.81682654967244,-0.09641677344067655,-1.5205363781304628
18.83845294524883,-0.10293527678229196,-1.522657353996591
18.842863504893042,-0.0960655513550784,-1.5252102933408846
18.857176879538038,-0.09604916933106722,-1.5280176011131543
18.864237181442164,-0.08476957104655614,-1.5265817789604703
18.87506829877025,-0.06850164805893198,-1.5316560513637534
18.87933969727713,-0.06563871121369308,-1.529885737974276
18.893177874274855,-0.05756515737532712,-1.5227861298942444
18.89759047661337,-0.04840660274513502,-1.52745513520416
18.90873480906393,-0.03153538317016289,-1.5307706486706443
18.91214911535523,-0.022647652651884564,-1.528632903391094
18.925688319546378,-0.005062779707517129,-1.5322936731249786
18.926721601439997,0.0016953189349297579,-1.530210920402604
18.941870419847227,0.011287985519451822,-1.5324788677742165
18.93961342223337,0.025406354280211155,-1.5292617466450165
18.951501289767766,0.0381505553379591,-1.5289953701964099
18.95250646801297,0.048532267901169275,-1.5300803255271054
18.96820761121156,0.060737430691230096,-1.5366879278904264
18.96369347288473,0.06789693557569454,-1.5318197690469106
18.96298752078229,0.08182654046724189,-1.5365220447316543
18.97017237179842,0.08322609740331546,-1.5320575052763499
18.983788292900186,0.08437321210536372,-1.5347474268130563
18.987017816015676,0.09086023222677689,-1.5300808092144593
19.0072187187735,0.08279378963555747,-1.531750314858634
19.000836750447796,0.09336673521084518,-1.5280089705246087
19.006578649133157,0.09634179598968796,-1.5310802293636319
19.005348391465287,0.09728021599662405,-1.5288373930150223
19.06253604891509,0.05790556554046295,-1.5379107338575868
19.026628687247648,0.09302757517533158,-1.5325360010357763
19.042400002881624,0.0947877091832965,-1.5353362231180354
19.01440315234735,0.10213011963083458,-1.531445603425879
19.041225842471523,0.08173567750935579,-1.532228674970475
19.009912865921876,0.10546100075171275,-1.5290393693963829
18.987851182685766,0.12072356246466749,-1.5248421052359837
18.979576906495037,0.11931272211014937,-1.5271154559077573
18.977601526635706,0.1197348542335041,-1.524552591044595
18.971815054930477,0.12959317267745224,-1.5280069150473379
18.976122271810773,0.12429453755729591,-1.5285337260945115
18.957648445058442,0.13535906480852436,-1.5269354190452766
18.957505674690836,0.1331863644384179,-1.526686217317867
18.938300438876098,0.14252823389124308,-1.5247348194265806
18.92583704744102,0.14505289429974874,-1.5239182134541382
18.91961592438826,0.149779402056989,-1.5248173485950036
18.95083744694075,0.13339406095061784,-1.5251123016669945
18.924963184303564,0.15330483543326956,-1.5269313620855898
18.920993445835883,0.15157395046820965,-1.5322207696906316
18.919097657161327,0.15725060072838856,-1.5265818516347573
18.90566088956798,0.16347492100229816,-1.524969683538304
18.912783107102257,0.16395331147843611,-1.5255224253315642
18.91392825645061,0.16264638515356403,-1.5198239183313105
18.915326744115198,0.1673483622285186,-1.5187056101190672
18.913573193119174,0.1685066410284033,-1.517943524114437
18.919611753310953,0.17125812139085,-1.5193608994564154
18.923339328786867,0.16309407420473002,-1.5218328713980966
18.924231248337918,0.17131778370798503,-1.5225157908315536
18.921137869653126,0.1698522147037374,-1.5255286431274628
18.92082223409086,0.17442340780932267,-1.5220919321649975
18.910982325496533,0.17593862486387188,-1.5215484365802192
18.915318342563157,0.17672477205231618,-1.5227013895227133
18.90593210573139,0.17935027830459213,-1.5273563377140345
18.89464223404918,0.1871938221308622,-1.515229704502734
18.896517178809336,0.18410113766939337,-1.5111686569796416
18.89734409259309,0.17981455020968934,-1.5086761665992097
18.89336228553465,0.1807605120017455,-1.5083748716678613
18.89106069710849,0.18663946024875502,-1.5143086286556624
18.877493180128116,0.18944726400036324,-1.5252728406280902
18.867311351594513,0.1900511760478302,-1.5170924938466464
18.862279093634065,0.18847392782479327,-1.5179226153866352
18.860155476926852,0.18610725339328738,-1.5168643291937207
18.85697111430757,0.18914473509989427,-1.5074173884613897
18.855569440493895,0.1853818775860907,-1.5067120220284955
18.856734931361544,0.18659090201661943,-1.5086642474634306
18.84809611913873,0.18430208663785805,-1.5184805075307517
18.8629372090955,0.18439387978776745,-1.5394386992867588
18.846154658623934,0.1869694700720616,-1.5188745440519649
18.85004257054355,0.1926328331294752,-1.5178753829198028
18.837878232503403,0.19472103424162437,-1.5148247856034802
18.827575467169023,0.20539336577482456,-1.511545386383497
18.821998391537075,0.20453244281081445,-1.5119840058141387
18.82806352089608,0.20874627185022332,-1.5120945435322921
18.82361921158041,0.21115695288572023,-1.5104134660407742
18.832990960755563,0.2163136738467675,-1.5082236960751871
18.832901795589233,0.21700185826285331,-1.5109431338495132
18.84018465171036,0.2245369349616193,-1.513603300533439
18.839403376172047,0.2250731971387487,-1.5113655003207278
18.835920794585125,0.2330733902931604,-1.5119164396016926
18.835090293094094,0.23227983502062025,-1.513679907868848
18.830484294293523,0.2412691997679939,-1.5170245760039565
18.828776521605988,0.24436803081659936,-1.513156726632257
18.829973038669237,0.24762695620949646,-1.5125972130409877
18.829839615799074,0.24765168506570476,-1.5145417349915977
18.826459923044858,0.25208983456568823,-1.5164554073048668
18.82260410969016,0.2525568451500065,-1.5166639088770977
18.8222711543173,0.25880518358622834,-1.5214767428412943
18.827120816286435,0.2617738550653464,-1.519008308940673
18.822808914972143,0.2671018803796366,-1.525033360654631
18.81423559124365,0.2728557821289588,-1.5211029006790506
18.798703584019584,0.2783413735344879,-1.5200732128468621
18.79257330744684,0.2790676842805535,-1.5197282135879953
18.780144008349545,0.27891001798630155,-1.5130033699277343
18.779313167717042,0.2855108173457105,-1.5156392482221905
18.76741822233417,0.28906896634821927,-1.5148322131355545
18.76696412391946,0.29653707053216427,-1.5166888766379651
18.755082812189286,0.30012474900648994,-1.5166523772920717
18.757937037471642,0.31024859865158677,-1.518924307228342
18.749631659567086,0.31348467850123274,-1.522986855680616
18.752051848453792,0.3243087678620339,-1.526566707779458
18.748420062760843,0.3351563712450758,-1.5238933644797272
18.751303588815315,0.3431680700862608,-1.5231736305672456
18.745563637269033,0.3548966187146887,-1.519678322663387
18.7492649120452,0.3667239840863973,-1.5206555909238535
18.750969275600166,0.3796755926532734,-1.5207195625114218
18.751935164908534,0.3967420129442057,-1.5208434992299968
18.750433504591076,0.4175028433440044,-1.521483974541146
18.75472848237623,0.4316918862069693,-1.5225683939661458
18.77844122165461,0.44805881520901375,-1.5280822497515094
18.765277488297535,0.47044365375986913,-1.524038530284069
18.764588914049348,0.49729473887833947,-1.5221530961968148
18.767483912031338,0.514498075045301,-1.5232688026435919
18.772271873595436,0.5430531451383461,-1.52477591266152
18.771972499502265,0.5569033010368291,-1.5241117548155279
18.780192304240952,0.5804422143707753,-1.5204864777506706
18.7760208719051,0.5936104463515486,-1.5210447385243628
18.779819814827388,0.608473643559799,-1.5195441531000866
18.77710864332523,0.6276553452654645,-1.5221614235868326
18.78038686610186,0.6528426085954101,-1.5246349321169717
18.775044945768162,0.6675638972921184,-1.522392019175785
18.774444055765976,0.6919525327640768,-1.5261077880191092
18.77096835768784,0.7076180634251671,-1.5260919154629686
18.767369117615768,0.7330436462134652,-1.526303577801028
18.76261087342958,0.7504007818966573,-1.5251516651983619
18.75952800658308,0.7816797302876427,-1.5286622688423623
18.75366826547626,0.7951752280965813,-1.5276176161170791
18.744054608211115,0.8240972004398506,-1.5288287870203878
18.745945954360582,0.8397393481539137,-1.5267975066052744
18.747724244885603,0.8695583727155246,-1.5254188397506567
18.743589062910537,0.880813261748375,-1.5268541116624854
18.739927096118983,0.9041549966326983,-1.528557487796084
18.74041067652422,0.9226777675404368,-1.5268393398105422
18.745655216350272,0.9486887573357929,-1.5290656183607356
18.738505715211172,0.9675849694545963,-1.5266239213261041
18.736602404645804,1.0006630236485974,-1.5274838602727334
18.73930914222976,1.011785215468436,-1.5273447692224429
18.744595157814555,1.0404895673725434,-1.5295263220399051
18.746696046422905,1.0608241502807512,-1.5279390637101646
18.74664538274668,1.090654498320945,-1.5268527107208196
18.754100252358757,1.1162115325167135,-1.5286789875416498
18.765417547450408,1.1537194052081274,-1.529013132571417
18.76508268100165,1.1727800811941653,-1.5301803229415893
18.77877096430472,1.208940146506228,-1.529116827306704
18.77366949126317,1.2284337576074065,-1.5269550787068777
18.774929593040135,1.2626801539677963,-1.5234803066759373
18.780264368091927,1.2824219698616393,-1.5231501536928067
18.780504284963488,1.3154002093867874,-1.5227887423272826
18.788377595279105,1.333060956161462,-1.5216578119958855
18.793869130132027,1.359176743636446,-1.5216080016385989
18.7993817025724,1.3800881580822169,-1.523785483672728
18.80139638205645,1.4087648905214007,-1.5229261826883589
18.808569692707543,1.4301231173772349,-1.5266970234122093
18.814364838506147,1.4572326894701908,-1.5285406969427302
18.808486779755924,1.4805914021927191,-1.5317801072797446
18.801485793139648,1.518705333517817,-1.53749133789192
18.804821705960478,1.535269762546078,-1.533499366769097
18.79659065327042,1.5728709585851504,-1.533571705187061
18.80277371135927,1.596032008892916,-1.5317621181860406
18.797163644032413,1.631184272218004,-1.5296391406970764
18.797778927806455,1.65265211367302,-1.527678233615582
18.79745582624589,1.6881351426490296,-1.5260342172546675
18.800458724778622,1.7077677987932167,-1.5273043662203771
18.80279365204721,1.741740380341145,-1.5288764440433429
18.791830535947867,1.7677318560914101,-1.5227310317506297
18.79398893152481,1.8018667647405138,-1.5238898836424526
18.797003326597647,1.8211361828107444,-1.5245768149205703
18.805894109049852,1.8570461650197148,-1.5261012486975312
18.801435011309387,1.8758422950291591,-1.5259949989352257
18.8144682786009,1.9160200898863906,-1.5272010218232517
18.806487386515407,1.9375459372338335,-1.531542319443397
18.813727033103383,1.9713836138325032,-1.534887737182907
18.81078379335143,1.9939011877547184,-1.5346336801795848
18.824833700696946,2.0348223259368106,-1.5343538168440654
18.816502426300268,2.0580963906064875,-1.5321703409435248
18.826886446974225,2.1049379365599483,-1.5341554057971543
18.817997660067306,2.1191503199916695,-1.536348991759145
18.83011769243828,2.15788318269408,-1.5381114793992212
18.821129890333896,2.185540057911729,-1.5342963653631154
18.832909346002733,2.2394111942882526,-1.5378465289116368
18.82106215745166,2.2452102230649325,-1.535681759872394
18.817622014269475,2.27669532158164,-1.5379887673661667
18.811732765855016,2.300795585792541,-1.5374035090631006
18.807874850896305,2.326601103632317,-1.5350648406282545
18.80793539246805,2.357112929513908,-1.5408000166881746
18.812078246537403,2.399057896172595,-1.5509227395379777
18.805045773229416,2.4255274283891226,-1.5453652704776695
18.809399176460825,2.4686779648549306,-1.5428173691357312
18.8057721297802,2.4909936118664664,-1.5333013002834428
18.808973697835132,2.5395872915306996,-1.5256090064284784
18.80227622913442,2.567858938211522,-1.540253862331473
18.800397168749605,2.6090760472471253,-1.5408639323123061
18.79813173904442,2.624192366289953,-1.5337250371151008
18.798373287807497,2.6655968373347587,-1.5310297998249676
18.794260949767782,2.6810017652950036,-1.5341618957387506
18.78993630512151,2.7198577400550032,-1.539289877300405
18.79419415007205,2.7413968266026685,-1.5391930298470633
18.79880350176732,2.7880339755342276,-1.5420389157351946
18.800584120089464,2.811936225646668,-1.5430587084338812
18.801446293048745,2.8590861170383484,-1.543661372137242
18.804591894564034,2.8886685474491722,-1.542962286761808
18.804181121184584,2.932338388416022,-1.5441109971420697
18.80688188993903,2.9506270991314056,-1.5442693844717474
18.80289203475986,2.9805046021267723,-1.5412684218754962
18.804059328650954,3.0013900736115535,-1.5410179959283927
18.803755606357985,3.0411710955397546,-1.5399885944567746
18.813393370815625,3.059496901462943,-1.5421554332325313
18.811307478346517,3.1025579270548778,-1.548647514779838
18.812036840561262,3.135031109795974,-1.5458683515081044
18.803347049750393,3.1751676723385716,-1.5479150310077416
18.807157000150895,3.199934536967301,-1.5485239401330424
18.80176031376391,3.2462350104694213,-1.5533891101056134
18.800526033935995,3.263469420614281,-1.5534684881904142
18.791453489989948,3.306330860818399,-1.556144212965646
18.79376774201309,3.3245497755167412,-1.5552539612681122
18.784372551022113,3.362641992968479,-1.556189638479609
18.785302834194457,3.3833417628830813,-1.5550258353088198
18.77578791781338,3.4236095125538166,-1.551375629251377
18.785205852238263,3.449119855940738,-1.550151785769866
18.776164867858096,3.4841646696429067,-1.5501268387608784
18.781606678134448,3.513600200067017,-1.550249061988276
18.775273274353633,3.5553711802054555,-1.5497849643197434
18.781214764105158,3.577691985575537,-1.5496048337759507
18.774843284889847,3.6136201953891827,-1.5518219951173398
18.780817713720825,3.638482869908137,-1.5528748377388157
18.779229762084693,3.6803738816335367,-1.556698601655576
18.783732634543885,3.70353768094552,-1.5574775183298633
18.78438776530325,3.752881441734446,-1.5595001315585364
18.788889014091783,3.774571693111967,-1.5590363784499828
18.791820944838598,3.816139357828636,-1.5578220514962058
18.79432261945908,3.8387687990309347,-1.5576440958005409
18.803453754601456,3.8757064729365927,-1.5566917449199056
18.80063285222172,3.899597727396353,-1.5539561553449457
18.800460794036393,3.945487030993593,-1.5554953755383327
18.80044697306237,3.9671548400055388,-1.5573858158315628
18.81842013727506,4.0113955097480645,-1.5581308651426202
18.80675659570663,4.031193528508247,-1.558465006139072
18.800931200674505,4.080226135306645,-1.5640796906083247
18.802623212435197,4.097763751418177,-1.5638513116915018
18.80685045267433,4.150406815859857,-1.5713208183189418
18.803711335778726,4.164071222519602,-1.5699789015962349
18.800967353789044,4.196024194012708,-1.571261842716949
18.801180684500032,4.224932441085206,-1.566670709249223
18.80023582269962,4.267709317545609,-1.5663892310786194
18.798552076642007,4.2948699472132175,-1.5674631140223192
18.79435576844902,4.334622133917802,-1.5662864247809485
18.796790429581087,4.3567993099440745,-1.5618332245527815
18.801954268154837,4.396017837400607,-1.5611386387274486
18.799357710535432,4.42074937871637,-1.5615145430542414
18.792003846014676,4.441455696140419,-1.5645274801416331
18.80046617924185,4.476981228007655,-1.5636494073626956
18.807249995931155,4.517527436296533,-1.5668067652887476
18.810057762854104,4.543132936470957,-1.5689609396032334
18.820181469428643,4.5823866318892374,-1.5705600851710249
18.813926087129083,4.600992742859616,-1.5694128014065252
18.816170760614114,4.636667344100081,-1.564765877629403
18.82103522023255,4.657843963083933,-1.5629627766195464
18.826873504798467,4.6883382298162735,-1.562184649575031
18.82869549799971,4.7153561297378035,-1.563934203274339
18.832182277839138,4.751032059243518,-1.564935981722036
18.830667124529874,4.776254185558153,-1.5667778856657968
18.822734737415434,4.806031808316681,-1.5691541509454079
18.831860846393678,4.835338515017052,-1.570265383893572
18.823504937912716,4.874807833018518,-1.5748582042025503
18.825826676262473,4.895266376997736,-1.5734237172648566
18.811722831219267,4.93222662605747,-1.573055690107341
18.818327906449127,4.9544979728521605,-1.5756678064384186
18.811849213466584,4.981088593367081,-1.577517487789671
18.816278453473643,5.008047387884712,-1.5789617906643698
18.806359001588792,5.0394522296936834,-1.5765026578370298
18.808607138291038,5.070944469165246,-1.574022340039454
18.797605942194416,5.096851747146834,-1.570794551666448
18.80236165310696,5.123517333725939,-1.5727440494052736
18.795800302315037,5.165255396831854,-1.572767450766458
18.800011112846484,5.197953510236811,-1.5724926144171585
18.79131140341936,5.220449184430604,-1.5637538310952586
18.79389707277326,5.252583518319643,-1.5723351233345322
18.79231101775007,5.291442397482768,-1.5745848380786558
18.7951727477074,5.31548253458849,-1.5783671011763905
18.79550615787585,5.3554863918542255,-1.5848024746670117
18.795168717744613,5.377870273429892,-1.5826699388186218
18.800187578784282,5.419679606957917,-1.5824332888254435
18.799835253463886,5.437988414884103,-1.5797297199792641
18.80563319625974,5.481551959251078,-1.578911284477869
18.79940298168109,5.5065750574885755,-1.5751320229322443
18.80718033560365,5.551764420857147,-1.5731523386645416
18.80143305057227,5.568801085684849,-1.579951871816277
18.81486197391984,5.618629150881852,-1.585176134347449
18.799398100352207,5.6324719029556976,-1.5837803538631654
18.81099809733482,5.684841400540467,-1.5854150328290524
18.80679030519313,5.691283455305703,-1.5871153150430692
18.818713004802273,5.7449273680851,-1.5918795096237168
18.79552243383665,5.75979487628918,-1.5899505329163464
18.80137896888426,5.808879644444221,-1.5927509807450257
18.787886779674018,5.814147788030779,-1.590669899136933
18.79302703901941,5.864177427566673,-1.5931649930409602
18.77855489638467,5.879822092984198,-1.5896633788405252
18.788182605822186,5.936442192908694,-1.591755091325813
18.77536759042778,5.955733284376843,-1.5890529335210792
18.790549559243498,6.007824534269272,-1.5879685959060947
18.7829929746524,6.018055372209266,-1.587179151995614
18.794691765589803,6.063963667820109,-1.5867559617107327
18.785166022879885,6.077102997939124,-1.5868584287836047
18.789584593229783,6.122640286359565,-1.590236057794156
18.784508442351726,6.14362650538985,-1.589950115770177
18.791860620396854,6.176305105136445,-1.593637952896256
18.788087434563078,6.197262577296123,-1.589204860198716
18.792864888224017,6.2362329653267485,-1.5904442983348512
18.793388289192194,6.248332510664213,-1.5906676310811125
18.79115616120578,6.289366673066496,-1.5903152881496132
18.7958094280068,6.320006496788897,-1.5872267074658042
18.791421275187467,6.348330160017249,-1.5835177972236631
18.80056866388566,6.373152215483281,-1.587380926105078
18.79896649685207,6.4127435647491655,-1.5853599228269653
18.805521386608287,6.442057088718296,-1.5896808039986385
18.798538973558657,6.482574714605748,-1.593855273683906
18.80261163197096,6.5110663198204275,-1.5912856161195577
18.793209240637665,6.553278904459738,-1.5926925174113113
18.801244391592796,6.578817967795454,-1.5942882203417805
18.790959986340262,6.613715983690613,-1.5949738233674806
18.796358246913993,6.644330734739103,-1.5973677028079007
18.788370338536062,6.690418894974571,-1.596410531736746
18.78976770518235,6.712593649241785,-1.5969706391565501
18.784178046457026,6.768911005116594,-1.5962629073197423
18.787954890690745,6.781708477089874,-1.596046989427091
18.78631181002005,6.811810232287225,-1.5962633360957503
18.785413090119913,6.83548068094139,-1.5941360235658981
18.78078420560969,6.880224256878578,-1.5947189894943814
18.78052431346129,6.900053755127572,-1.5931249632992086
18.76936962897719,6.925500856558154,-1.5935197114650204
18.779479798139082,6.9600483968577045,-1.5966962283067736
18.798039338587326,6.9855456174392625,-1.5984484281624396
18.78842313811909,7.020340606312973,-1.5973345067086926
18.792071446007775,7.073534358146359,-1.5999876403316116
18.787756486439456,7.093320158514863,-1.597870873801814
18.784637314174592,7.131541869659011,-1.5955125663396972
18.79245654260273,7.155937858715714,-1.5946097330504814
18.80527459009529,7.190772831731515,-1.5946130164613588
18.79855575685971,7.217882348098365,-1.5917602626631082
18.795262647897296,7.23493272551689,-1.591578540958916
18.80166326102932,7.2743180206042855,-1.5922730349742422
18.804313247750066,7.316820700245485,-1.5949674160225458
18.80404230746701,7.338469859406895,-1.5961770294998618
18.80762737239726,7.378767830758043,-1.6022995550687058
18.810521123055114,7.4019072942123945,-1.6036085783400773
18.81806139538957,7.4404207019011555,-1.6074001999618286
18.810777033748153,7.464662174210171,-1.6089885706237952
18.81315025235013,7.504220872720474,-1.6118494679141226
18.807988877531294,7.528579832340971,-1.612713437985621
18.819627706256195,7.557379423012756,-1.612914426042735
18.807533291403818,7.592743242800345,-1.610924152734405
18.8085670544956,7.636133129100639,-1.6110739458688152
18.805765517285895,7.656485974550443,-1.611877239094635
18.81028286630361,7.695118533673227,-1.6117622756052012
18.804671355893415,7.721965279400398,-1.6099920688739862
18.80246737459531,7.768341227304944,-1.609698108088343
18.80718669733574,7.787101360671709,-1.6102615931788933
18.819260696975487,7.829151186483621,-1.6105357074033109
18.809182320790004,7.8510334529550025,-1.6082779494556656
18.806602691590566,7.892537055916842,-1.6058675815750623
18.81121645680531,7.916029910291313,-1.606963819513177
18.832491274613915,7.946518873535479,-1.604874276330798
18.820719792700675,7.979924493221079,-1.6032283542352534
18.842366441791096,8.01184094179174,-1.6009998498117872
18.82377701644424,8.04228553567875,-1.5973695961566288
18.82246940262922,8.077618154416779,-1.598761252536407
18.825266349099433,8.106080752172641,-1.6034537872491268
18.823637903396293,8.148730629643067,-1.6045212411596772
18.823001577166277,8.167167997829889,-1.6029899819003202
18.81857433752387,8.198347788032189,-1.6023105750758881
18.819889092388536,8.223091566064483,-1.6034625806569647
18.81235787501949,8.25196386510567,-1.604719930837895
18.81719116656771,8.276363388651511,-1.6059700995989417
18.806104148472404,8.30288057090515,-1.6089928920840906
18.807387762333637,8.328544547244528,-1.608229885973153
18.793945577709977,8.356143009949152,-1.6083074298387858
18.803051512156024,8.382191369880179,-1.6065366238450847
18.79794501240256,8.408682074185258,-1.6058907912469225
18.79734767368842,8.429900219087866,-1.6050144352758797
18.799491746183236,8.45054224966613,-1.6036800823023607
18.794906117281723,8.477395758451113,-1.603772381947154
18.797064003555352,8.49701850292861,-1.6064248177513332
18.796454215225612,8.520504046715267,-1.6054248715539112
18.794493386228726,8.547958010020134,-1.606635049937897
18.791683040651705,8.568029542918266,-1.6058610552958903
18.800769854633618,8.600732260127213,-1.611149846070097
18.792655393562168,8.618764885069977,-1.6101105836707768
18.802583890616617,8.657136747020214,-1.617624749395817
18.79117773432675,8.670913919419691,-1.612711277718901
18.80127236196,8.710377936745207,-1.6120947940232546
18.792784236445584,8.723460503259025,-1.6128659433638868
18.801049213290224,8.763187067657753,-1.6124586741650817
18.7915617158368,8.772682270251451,-1.613689675173973
18.807850273350724,8.813183988952195,-1.6161275010962155
18.79173098093814,8.832014671717989,-1.6155303252672766
18.79979261355739,8.872629027871321,-1.6166949382156592
18.787228076402243,8.881790640964235,-1.6141177073613204
18.795586255637872,8.920387601841375,-1.614095503864807
18.787544502250064,8.933478890911982,-1.6143035721389773
18.807357905810946,8.967838019624393,-1.6151884235803509
18.778171986604583,8.984716379289912,-1.614925531863127
18.791111952892333,9.018376876769965,-1.621376708259994
18.772390724514462,9.033535824015793,-1.61738061614786
18.775998328201123,9.076841669247518,-1.619234804210168
18.76209444767749,9.09119055386508,-1.6166761432087957
18.76605398637637,9.135477911131488,-1.616151746942825
18.756776105628802,9.1462473629664,-1.6148093593032944
18.76515929972877,9.184790693771308,-1.617331819606915
18.75956483728158,9.192127361893611,-1.6139068763090778
18.77084456086378,9.23127192349854,-1.6103548633488076
18.76914466070565,9.240353034011768,-1.6109163379474487
18.773339269749382,9.277253492343693,-1.6169381321419798
18.77485915266606,9.285146456992898,-1.6158137847090492
18.780653535982736,9.3243426278939,-1.6221106111966188
18.781828712499884,9.332639971465996,-1.6161913842313287
18.790340453522496,9.37812357361383,-1.6174364969881314
18.784803354041628,9.400468983758365,-1.6193406929918215
18.78679012945601,9.449664106967969,-1.6190894498234847
18.78924201557262,9.465576977360886,-1.6163555391666748
18.792746936494815,9.507870134861491,-1.6117510154118668
18.796170874070178,9.524151649708996,-1.6123372372759046
18.801192418074848,9.557473608930634,-1.612486781283287
18.804368286815723,9.571508682409068,-1.6123658907902307
18.802795215731958,9.61006260630712,-1.612606527224983
18.80970340158841,9.628862251719251,-1.6109812685139977
18.815964866719586,9.667464133955,-1.6095332001052647
18.81950049436309,9.68362713552639,-1.6149384044561863
18.81169938274738,9.725395007545735,-1.616466695462518
18.815502835699995,9.742162450373382,-1.6169494061017358
18.82483271392761,9.756400385634093,-1.6167762285592961
18.807726703997627,9.783548317634896,-1.6196944466194543
18.801099327533176,9.823808501520636,-1.627176355534956
18.791690769173385,9.848947143772488,-1.6233839942649337
18.78923139698482,9.886496373729958,-1.6267788758113468
18.786840264395924,9.911685505195017,-1.6199721816363426
18.79186573769416,9.948751418203805,-1.6167845595505081
18.789282455904527,9.96901773544917,-1.6142407719436647
18.8013881325411,9.990989581469368,-1.625107229866538
18.792198833160498,10.020438351418315,-1.613379193576517
18.802109333092098,10.052540896586034,-1.6102981767418496
18.796994423119813,10.07701922741572,-1.6108497039897889
18.799222547595942,10.107806971117435,-1.6176367805075824
18.798303314235675,10.130961199989475,-1.6111770644968282
18.80611644760189,10.16258510780484,-1.6170903036053859
18.803722701543894,10.186486939236426,-1.6143920463535038
18.81146378083114,10.223427879694764,-1.6140948043405385
18.809359728184155,10.246229423744351,-1.6130470745724124
18.817564007272388,10.284571674136002,-1.6118590383555638
18.816136155610124,10.305003956544168,-1.612103329979531
18.831419628828755,10.337807667285015,-1.614561496110335
18.823225463273044,10.359777505104637,-1.6101999781927294
18.82793984155621,10.394197319656577,-1.6111428026370622
18.825179269586,10.41750399045648,-1.61307552026838
18.837664916861787,10.448022232081767,-1.6166922108237514
18.82998139393843,10.470017300841949,-1.616179786217365
18.837769838912937,10.501187119518963,-1.6178722040297362
18.83006523182439,10.527027234945457,-1.6194595266546479
18.828380963160026,10.565401147987613,-1.6212184939908987
18.825474043318778,10.579281364231843,-1.6244960973015066
18.82302716803458,10.614155220272641,-1.6284301599989368
18.82132467146567,10.638104767236737,-1.625687061636881
18.82185293616614,10.67514883580589,-1.6230319424059294
18.814927739744324,10.692731426690141,-1.623977076485198
18.811442684692466,10.726889109613808,-1.6206427142148523
18.8120248953123,10.747680722411678,-1.6186701977489022
18.81024648893174,10.781668494755689,-1.6145264266899997
18.807375883279907,10.797297358942428,-1.6139045583316844
18.807166720564837,10.82859757005653,-1.6100340187051878
18.808375964110144,10.850134507580842,-1.6137349529026894
18.811705463806796,10.881913071863424,-1.6148757453668752
18.81106027120972,10.901658230119361,-1.616869743995668
18.814358226382964,10.935802239943488,-1.616675584641955
18.815851535281215,10.955695107089362,-1.6197579004554115
18.82292680932568,10.990782042024286,-1.6206661235090718
18.823169454064956,11.00880524684669,-1.6203326728481746
18.827572677149966,11.043851865609081,-1.6170201455437918
18.828450810431402,11.064792034030466,-1.617903017717147
18.837770732259663,11.120590031760708,-1.6198546164831265
18.85759637974445,11.149807113243869,-1.6258649546782453
18.84697818974354,11.17026005663975,-1.6171987754251735
18.85201728474726,11.202345865522284,-1.6143072217570449
18.851026565120698,11.22404423074699,-1.6184861451947314
18.854575230838886,11.256642506562839,-1.617085771087918
18.84971278967319,11.274754519393461,-1.6197143301129922
18.846366559112226,11.31184532136579,-1.6166666348955676
18.84778080265578,11.329531401999379,-1.62302408974884
18.848544442140597,11.370346866520203,-1.623209972675251
18.84609732182146,11.385265421136122,-1.6242426569730306
18.843307769429444,11.428773883960913,-1.6264106887560303
18.838645971782316,11.444268588132546,-1.627149328990683
18.83923796964392,11.486741750180743,-1.6296718026188393
18.839361928224523,11.49818010756961,-1.6274294232508042
18.84338498467789,11.538764220006263,-1.629803491968789
18.83677648933617,11.552174225998415,-1.6253164414963963
18.836853259765853,11.593291103596021,-1.6221103935269578
18.833559854327195,11.604366091808812,-1.6234713952283573
18.839584431621603,11.648179564405282,-1.620794264412637
18.835367518397014,11.656288900830098,-1.6231926015081222
18.839359951783514,11.698866486156465,-1.62510856334311
18.835286121726686,11.711847126001652,-1.626106026483141
18.83890556430244,11.758617712814857,-1.629443022700688
18.83794096387843,11.770894493882944,-1.6280619359669088
18.843994913456882,11.817755001629441,-1.6285915094965278
18.84064565736321,11.830950355494922,-1.6264602810772626
18.848661495350612,11.872159872037784,-1.6329680631896024
18.847702029341864,11.884978308009108,-1.625062162266576
18.867329606769083,11.92221513763933,-1.6267746313042521
18.857211946172235,11.938651633694636,-1.6210032967118664
18.878113543910793,11.952822647380305,-1.6193619449427563
18.860174362117114,11.982374150672745,-1.6175915355572736
18.86209378289706,12.024284729019762,-1.6209533791651023
18.851394675850685,12.042216003720915,-1.6169489995682746
18.851012740770773,12.083955608696531,-1.6222076786261421
18.842812284533842,12.096072987352589,-1.6192745950171872
18.846570177624482,12.131822483854524,-1.6327351224662645
18.841085557995196,12.149296077683294,-1.6238921070542325
18.841170469180472,12.189193516905604,-1.6283630436519625
18.835354287644925,12.203450293961438,-1.6253826672188798
18.839737996730673,12.2347583155725,-1.6338719518756177
18.836264570723277,12.24797738128357,-1.626749271936126
18.83676529726159,12.270897965896504,-1.6544922187515074
18.832485934065904,12.28948209856779,-1.6320613541741464
18.829667146192328,12.311888034436734,-1.6549388229551365
18.83171534986113,12.33011940287601,-1.6372422547064547
18.832754625217795,12.358893676128083,-1.6294239052413286
18.834886763172257,12.372713113987063,-1.6298211102625388
18.837867320077002,12.39875159813688,-1.6282629635480304
18.842798305060057,12.410097578088267,-1.63061071846164
18.855734185718173,12.431037688438817,-1.6384849624276137
18.858282949180907,12.44532821582465,-1.6360765706569982
18.866117193630803,12.471420599724087,-1.6382365752415893
18.867414446559987,12.48605787092028,-1.641656816800725
18.864620977789965,12.500702966913783,-1.6713726900215948
18.867368853721164,12.520953189358732,-1.6552693424535456
18.86515185025868,12.536328364134167,-1.6725022174741622
18.865369819672168,12.555109567220889,-1.6620081676469838
18.854124513239544,12.568693154232927,-1.6780442279690404
18.85440612357267,12.586938199435702,-1.6641165813751306
18.845057770134403,12.608267923254262,-1.6506333124085248
18.84519599101089,12.624778322557939,-1.6483267429779929
18.84178598744462,12.647818219991427,-1.6383806639167693
18.844252692497072,12.660761188595892,-1.6353787963381041
18.843655254795753,12.683013589670692,-1.6298743873371981
18.84368735099643,12.691552562611072,-1.6358105389318516
18.838822555246644,12.712253473116764,-1.6371441457994929
18.839661406245057,12.717697552753915,-1.6362047258202683
18.83735801635956,12.73710543091638,-1.637414540421809
18.83889210381273,12.733838395561563,-1.6374593582842922
18.823356445845786,12.732366707420754,-1.6531663262954208
18.823802038133614,12.74994851336062,-1.652969273766132
18.81996355661665,12.76482588662804,-1.6608809968937164
18.82093711080269,12.78050460124888,-1.6544254551392823
18.82028034570224,12.799517097873895,-1.6556643650978426
18.81947836146358,12.810446604088849,-1.6507690794485332
18.825178092820448,12.827570019587213,-1.6595129092886822
18.822731416952095,12.838292504730854,-1.650648982147183
18.82465132350584,12.85425032817147,-1.6545043249080158
18.822621497447564,12.86133657788661,-1.647845896951518
18.818772493616954,12.873542912515383,-1.6558830131501125
18.825225467330537,12.854768450137144,-1.6452443949564484
18.841912323362582,12.794789861300114,-1.625220589719876
18.853810145540844,12.81700953901207,-1.6301212740601099
18.891494410326835,12.760080188386883,-1.626200580452488
18.89301720375392,12.793000908868974,-1.636287382746613
18.91870991879018,12.77636198621361,-1.6699717101235225
18.91863803893261,12.79959689367828,-1.6573101979247975
18.930252256706257,12.800925138512879,-1.655452609993353
18.898441860221165,12.813216931661747,-1.6463682501559431
18.890768417223555,12.81615919833101,-1.6415686510708638
18.883131458286787,12.820141661414686,-1.6452211983733402
18.870209811492693,12.822953745309372,-1.6407710443036934
18.85133580837711,12.839402182771455,-1.6381163915715928
18.835619890629427,12.84471896980775,-1.6443134676398228
18.813862919403334,12.895747260991898,-1.6386968241820317
18.795030688667467,12.919409884382285,-1.632972926668731
18.787139334828908,12.905310375540303,-1.6293896619547976
18.765451739335486,12.913944079591857,-1.6229168001679715
18.763527031988975,12.900114039258272,-1.6234736835759902
18.75255409295326,12.899381795647331,-1.6173395491749831
18.74800986946412,12.892952043167776,-1.6181507949452072
18.76291645455339,12.844468131794544,-1.6227748469891026
18.74866200813774,12.867653510768651,-1.6273476768242723
18.75319988899545,12.866326158549365,-1.6340677888927273
18.740881454409795,12.866586082336994,-1.6343859168049306
18.738300074384757,12.86773943782919,-1.635908953286246
18.745714069781677,12.857895291093882,-1.6367651320219607
18.825904740740643,12.806116046867565,-1.65385351968473
18.836603312905392,12.802068049780493,-1.6475631215110305
18.87530466157403,12.7922314474397,-1.6610291029204145
18.86860804001895,12.816967016103288,-1.646735057346975
18.931802862292827,12.82263793171112,-1.6515614286337155
18.90205873788802,12.851773019455276,-1.6559193040546216
18.920253847598772,12.861826130028545,-1.6888090233245303
18.888152356910773,12.87697991065898,-1.665802059151921
18.88026029741443,12.882916272983605,-1.6568668211222768
18.83541097951577,12.886475209840013,-1.6459144236183583
18.778557446915123,12.890989361833746,-1.6196551095708656
18.757080618927827,12.888300747022328,-1.604505356493973
18.71623722151811,12.884191679330415,-1.595763942289609
18.71289751588165,12.881491096974038,-1.5989114882139432
18.691203664249652,12.874120435805347,-1.6015915220104213
18.71315614696036,12.873502682378051,-1.6042120469794148
18.736170369519076,12.8691626024345,-1.6124291664872734
18.781755191205605,12.862301143028505,-1.6232712753832277
18.827327511043674,12.846557209633755,-1.6249480174155004
18.89853195744726,12.85048200039365,-1.6208302586326198
18.966380576674418,12.8354370201917,-1.6232869936150036
19.03930056730042,12.846469558403598,-1.6324923769106232
19.139075433115273,12.816252432360617,-1.6374476077344062
19.215899321052728,12.802773889968428,-1.6456143693928507
19.33331214189665,12.780046022489625,-1.6661197641550625
19.4342384012513,12.794091097178235,-1.6616847035874343
19.56521766984225,12.786460028114993,-1.6578547302886046
19.643322986909457,12.778620202450972,-1.6744006513133778
19.798899839198675,12.767812283206334,-1.6949776271380694
19.885223316037845,12.773134867538989,-1.7058430718108748
20.04427586396461,12.775761980508173,-1.7208744572054187
20.14371134679646,12.773870332909647,-1.7316958898611363
20.332160092882283,12.782580666227464,-1.7533739049390464
20.434244586776444,12.779389970705273,-1.756052535943357
20.647339025512334,12.781370649413537,-1.771562302949631
20.745808087745626,12.775860082739994,-1.780107717782795
20.939447525161764,12.773417223740243,-1.7928923303197848
21.05902415240923,12.7751290567672,-1.8046176035833814
21.178112315522107,12.768944629241394,-1.8138530682841827
21.277918094360288,12.767836693755557,-1.8194213044701164
21.48159384143811,12.762862116315747,-1.8385821306558958
21.584142989961165,12.756053110975365,-1.8511885524889777
21.76027816159151,12.748947438130942,-1.8712762886319363
21.861335794389866,12.747488345058459,-1.8704566532190956
22.0105273650547,12.744558873247918,-1.8862296653907107
22.1158708851591,12.734267111547297,-1.891545400911597
22.275104534429065,12.718699269434286,-1.8978001942849874
22.377917503847314,12.719390568570475,-1.9100805967395538
22.545965638511067,12.70853040927767,-1.9285366342833647
22.627775005395,12.709356245632453,-1.9379558965236765
22.792435833567367,12.704747454861542,-1.9520165487162902
22.85176483017749,12.699311710567473,-1.9424530376173323
22.98529987655946,12.695049757527967,-1.9499354513781273
23.060424068170313,12.699318486027869,-1.9681039648933742
23.193043240643444,12.680902746067245,-2.0018875250976818
23.246858839889757,12.692066086770879,-1.9891231928577593
23.383429507372224,12.69552924554416,-1.9999334626331995
23.433435386792592,12.699631482977168,-1.9996055501303547
23.567327906800823,12.698304113723944,-2.0129089999283245
23.621129888859357,12.704251134541884,-2.014872082191005
23.75206728646629,12.703303248932597,-2.0341550251787144
23.79445612100642,12.706599344020752,-2.0294552666671444
23.93105878419163,12.700089422041664,-2.041793073444409
24.001974422563606,12.71273776517593,-2.0455460243401884
24.14134301250526,12.716493002102302,-2.056820586495977
24.121601419157564,12.709550576126524,-2.0620757352021863
24.231267776682472,12.700969539345646,-2.073784132132486
24.184574185021738,12.706137154638876,-2.0773303201705033
24.259787033638673,12.703049220022308,-2.095369500678529
24.227860392405564,12.707074371710995,-2.082378006884317
24.269626659866557,12.700493781842242,-2.086354384277261
24.219879846155507,12.703890750676996,-2.0793143286028095
24.218056754709696,12.702226812904987,-2.0755188031258363
24.18320859827958,12.70020031160915,-2.0824874404517018
24.162860685867173,12.690577764943074,-2.0839306739493018
24.158863142255825,12.694642431677792,-2.072246282257075
24.093637327838195,12.704170722205104,-2.0760091950291377
24.11454170669542,12.69449501376184,-2.0759551998611965
24.095124376796107,12.683685419178062,-2.079050195143722
24.104256961263708,12.682661969068118,-2.0697748767180992
24.08907322278918,12.678276600736625,-2.040625172334617
24.090320894764872,12.680480995434872,-2.062765263143045
24.03106348436205,12.683778523702331,-2.0502825906418
24.05350313459989,12.679861211801256,-2.0602201144948467
24.027044337426545,12.677985381658823,-2.0548846601903366
24.032583758713447,12.677497532577066,-2.058404526191714
23.99467122055916,12.673524733563868,-2.0592802468746263
23.99960377261674,12.67983432824981,-2.063346206390119
23.979268847083056,12.682212252945519,-2.0623481014531952
23.97400629807472,12.687535533913278,-2.0584894016678983
23.934752454561725,12.693341718882627,-2.0457746869127913
23.921101448738586,12.699595412937652,-2.0501282225558404
23.89286117934002,12.696709788221685,-2.0562307810497327
23.88551141165306,12.707634183565382,-2.0525773877696407
23.861928343677025,12.717279404136015,-2.0499907928105765
23.85072555190663,12.724313294033793,-2.0481560670008787
23.834591168325083,12.736399810127752,-2.0429098349751826
23.820445643356127,12.737240982280305,-2.0395616035800512
23.79964782443036,12.736023380798088,-2.0393485962886513
23.78478244765564,12.739801108818373,-2.035070457390677
23.756311677111807,12.737146467045031,-2.02824728502449
23.745230170113956,12.743863051791333,-2.026621072390911
23.717139500584892,12.742147891593039,-2.026127808170982
23.707597668003167,12.742851593564122,-2.028956266214814
23.67920068880382,12.735524124439051,-2.0229080349383253
23.66373503888158,12.74074438650296,-2.0271932938000727
23.631034185056105,12.730122066829942,-2.023556023795646
23.619680535031904,12.732346611239745,-2.02628620443766
23.590537919197182,12.729533119342099,-2.023665060354792
23.576448951496864,12.730171740980554,-2.0239448283865915
23.537902200550416,12.724029581212246,-2.0254143006379572
23.524514253163375,12.724948265959975,-2.022260191788188
23.49026398276376,12.719258098997686,-2.0199745973278227
23.4854209659412,12.719414799128273,-2.0218187354995187
23.452614692474512,12.715632043798841,-2.0201912732291434
23.450655770052172,12.717209272001153,-2.014020615130281
23.424794922648083,12.712396512225903,-2.01071519856729
23.41463497528198,12.712900778105661,-2.0043281961038257
23.39197961576816,12.71166755601618,-1.9965664538467982
23.37745681399758,12.710437053924906,-1.9975160368704106
23.355440001557245,12.709322770540517,-1.9961569982918348
23.337477141783914,12.709801892440606,-1.9932640458373723
23.304164398045287,12.704146422677663,-2.00316774391835
23.285793632932332,12.711054664386612,-2.008115567808368
23.263932713661415,12.716203205080784,-2.0050717488053715
23.2411235101707,12.716459888402829,-2.0004760489533644
23.198392094372913,12.728044362279286,-1.9939493367156358
23.1851515771082,12.734463568416789,-1.9781736416573712
23.15550678673367,12.745151848767373,-1.9660163366257466
23.139120297941645,12.735849402358188,-1.9672789174292629
23.11006097791846,12.743731816586148,-1.9705401095538844
23.09215573554306,12.746659443031065,-1.985808652746585
23.06822879208852,12.74977825927129,-1.986174777546927
23.052994232322956,12.747403933442394,-1.9815264718931485
23.02933835084922,12.758162981109466,-1.9751801701091143
23.011404848145204,12.7553312502192,-1.9697293736561956
22.979307593875305,12.760517100354729,-1.96417832342202
22.95991997391204,12.757261511612468,-1.9634968672150352
22.930764518081897,12.760783544710941,-1.9582078377892032
22.914296408505837,12.757118148129246,-1.965093376510236
22.885118307502957,12.75943155243489,-1.9604302164834861
22.873061147927213,12.747321437004862,-1.964035187420022
22.836492138861253,12.74364988793419,-1.9682483740534338
22.819586386578635,12.747725596524491,-1.9616850141667448
22.786665058320676,12.744456834397921,-1.956015343701222
22.77036244280129,12.738085043256065,-1.9532834565050854
22.72770852636894,12.738482290352286,-1.9466736261966766
22.71644923627203,12.730351217362204,-1.9576138088305006
22.680473026329206,12.724511636766916,-1.9441868264010749
22.665694311921406,12.723464305900494,-1.9503832553570304
22.629903530671204,12.728097733209273,-1.9463302498847082
22.613581928617418,12.72319687029311,-1.951169184757802
22.571391103476934,12.728759044020073,-1.9547156726767996
22.564128967543635,12.725411869314733,-1.9483678356377183
22.521760394084296,12.7286811872525,-1.9492280757249818
22.499048082817257,12.721608609779514,-1.936840450820274
22.457270388827947,12.725669955272974,-1.9364276971840917
22.434506008270308,12.7260266326401,-1.9580484027092626
22.398924035304223,12.730807145489484,-1.9602535161948471
22.374245980644595,12.729552548810004,-1.941918410310261
22.33323802311762,12.734818330701502,-1.9426450171894494
22.317929627576813,12.726484074836135,-1.9436960168995405
22.285125175798978,12.732001437920294,-1.9417101823721288
22.274087170535037,12.731458838508889,-1.9281962481920707
22.240574780590578,12.73427948140891,-1.9228745022835174
22.219340978665326,12.736059921604491,-1.9225875559122152
22.1807863709804,12.740439090193288,-1.9244135538727742
22.160376263883897,12.73588950848799,-1.921663069531373
22.113928151919758,12.73355805548723,-1.9205853243603026
22.096691305221096,12.7324997772433,-1.9198492426733134
22.055138665734425,12.729018960342824,-1.9139668566055332
22.032798832556036,12.724625402077697,-1.9097641024334497
21.982997460767564,12.713181050156313,-1.9041406139561197
21.957987799578568,12.711159295830827,-1.901379431646499
21.91129261451778,12.71111540544808,-1.888315916660617
21.88775547109294,12.709073355967993,-1.8913664161287744
21.85781684104195,12.712752770339067,-1.8932095375192566
21.84528649301574,12.719581186980205,-1.8907911835863296
21.83246081863884,12.723078447461951,-1.8930955435197827
21.81155178747208,12.71631912483663,-1.8900264229207266
21.78704301545813,12.715166788500978,-1.8940676635002618
21.754379484242808,12.716758474676364,-1.887138794332133
21.725874975701046,12.722979384565411,-1.8836722574558442
21.69691689582413,12.724707096480746,-1.8769880580838554
21.67252116682341,12.731623111782435,-1.8673626057681774
21.636845002967018,12.728965720440177,-1.8748284526283001
21.596060284758064,12.72758711959732,-1.871739874625125
21.56779505111625,12.735404149202497,-1.8663503122647875
21.530009659796168,12.7368193206961,-1.8681175728773858
21.50662624915687,12.739640479037927,-1.8655660916430536
21.472455457539777,12.741148456097129,-1.8623818816639306
21.443151060444443,12.74015243325733,-1.8605719119326292
21.41263188216733,12.741584222640473,-1.8638749978907039
21.386685376252927,12.743111580401656,-1.857371525478015
21.333456694066466,12.756314224228335,-1.8243125864684502
21.318253566708705,12.746942544578832,-1.846035471849239
21.273882768423594,12.738202636092018,-1.848799564773588
21.256739146991354,12.735330625562018,-1.8506446022444654
21.21823813952352,12.727637687794042,-1.8515217177072696
21.19757289468985,12.730108900686048,-1.8464275933641456
21.141366760213188,12.713738387164497,-1.836982132116799
21.13135519694247,12.722674491111212,-1.837799062836687
21.096148862987466,12.719353240097535,-1.8353980202084328
21.080110310590406,12.721479556824326,-1.825955622957798
21.038020434897398,12.712077496313212,-1.8216433677366701
21.019370204862444,12.715243000885371,-1.8233067734742445
20.982020608819855,12.710082612415423,-1.8106362075762272
20.965371353312143,12.714371196588981,-1.8114076460811783
20.917803202482006,12.70383768885453,-1.811545870413085
20.89788111212051,12.71258460594781,-1.8152136747576797
20.86111517385946,12.71451311253236,-1.8103597424673379
20.83815161453467,12.71922260857019,-1.8101893484018727
20.800492580899157,12.715234909163033,-1.8102055532664862
20.77468148451431,12.718876340732288,-1.809799496283117
20.75244454916481,12.723203761975126,-1.799055945235558
20.721159727414587,12.723884381151283,-1.7914767169125696
20.680652971410176,12.719939437072311,-1.7868912139780282
20.649651981697495,12.721078167636467,-1.799598193690027
20.61089246827421,12.713262788430242,-1.7937190019392697
20.58126311079562,12.717022528253999,-1.7942068522989623
20.54341738810994,12.713616216030488,-1.7928005554943562
20.52177293013651,12.714965399095888,-1.792848648557834
20.47583277105054,12.705313517657695,-1.7961566590864873
20.457315842014808,12.707725252235335,-1.7960092637267793
20.407752754773618,12.693953154464694,-1.7956022242937162
20.396024671480575,12.697859548148847,-1.7890108616828961
20.387771684959556,12.692368921556774,-1.781939330469646
20.35055151113491,12.689678451168666,-1.788008669983678
20.327973317094443,12.683746949321103,-1.7884516124210972
20.30235869199653,12.690526102919458,-1.7778075192422818
20.273791624060333,12.688015812128642,-1.7864079070725247
20.242551700303935,12.681983963636393,-1.782210524966199
20.204462604204306,12.679554279320959,-1.7806935861844413
20.16237340004016,12.678047116735014,-1.7721133021293944
20.11576904288801,12.678140284301659,-1.7686367634493987
20.094286745349876,12.675234575101795,-1.7721483342088242
20.047666322452244,12.681055819994466,-1.7785413386736817
20.02683008375889,12.679809229651179,-1.7788809247226018
19.981918131114583,12.683877306072885,-1.7782899546551711
19.952935232227738,12.680341761544026,-1.7608866880932423
19.909992517069565,12.686398646633009,-1.7532689258912633
19.900880076390756,12.68914944010953,-1.7542371958725997
19.8568152082688,12.695800229127714,-1.7436943753461545
19.842537607957794,12.689877703379208,-1.7500514777622878
19.806640081595035,12.695803275694727,-1.7200849265690477
19.789659384227516,12.694841705526757,-1.7425489472840532
19.75651630896165,12.69930190133449,-1.7502774793639646
19.742700975673,12.691493594368767,-1.7532349805485925
19.709258773739563,12.701451932353054,-1.7526955360173988
19.693684054089807,12.689996477041332,-1.7455892790860426
19.648012068761627,12.697812665707612,-1.7473685486076855
19.631717724180085,12.688257465471041,-1.750607946394954
19.573735039793412,12.690029066879447,-1.7452328622375581
19.558803192595253,12.680766875900506,-1.7448644092537002
19.51385728325792,12.679740514008357,-1.7471782624727445
19.497495733629403,12.678851016456566,-1.7828323026216824
19.42622419295258,12.664418306773863,-1.7912461525011791
19.417057920804695,12.664523312994888,-1.7479243222844405
19.375687428498484,12.6679793251842,-1.743176083119791
19.36439919586837,12.665513705963953,-1.7152271759049698
19.326735484503864,12.671711033444392,-1.6933148208431474
